StudentID,FullName,Email,Registration_Date
1,Renee Yadav,rdewan@gmail.com,2023-07-13
2,Vritika Kumar,tellaanahi@sood.com,2024-08-28
3,Mohanlal Bose,piyarajagopal@bali.com,2024-12-05
4,Kavya Patel,purabgill@kanda-ghosh.net,2023-03-13
5,Emir Chopra,siya42@hotmail.com,2023-06-23
6,Divit Joshi,lsura@srinivas.com,2025-01-25
7,Parinaaz Patel,ramaswamyadvika@gmail.com,2023-10-23
8,Keya Singh,ushukla@gmail.com,2024-04-19
9,Anahita Chopra,emirhalder@walia.biz,2025-01-14
10,Hrishita Iyer,aarnabail@hotmail.com,2023-07-06
11,Prerak Gupta,dyalpurab@mangal.net,2024-07-09
12,Sahil Malhotra,deeprohan@hotmail.com,2023-03-05
13,Aarav Sharma,rashabains@hotmail.com,2023-02-14
14,Riya Rana,amblenirvaan@chopra.org,2023-11-03
15,Siya Malhotra,cmall@sanghvi.info,2023-06-11
16,Jivin Thakur,ivan82@hotmail.com,2024-04-29
17,Eshani Singh,hsachar@kata.com,2023-10-17
18,Lavanya Bose,talwarraghav@jha.info,2024-11-20
19,Sumer Malhotra,ahana-tara@yahoo.com,2024-09-13
20,Dhanush Iyer,evajoshi@hotmail.com,2024-04-10
21,Amani Chopra,jivikaswamy@gmail.com,2024-07-29
22,Indranil Yadav,kiaradalia@yahoo.com,2024-05-01
23,Aradhya Pandey,lavanyamallick@koshy.com,2023-09-27
24,Inaaya  Malhotra,rayshaan@yahoo.com,2023-10-01
25,Anya Iyer,qkrishnan@kaur.org,2023-04-26
26,Indrans Pandey,kabir70@yahoo.com,2024-02-12
27,Fateh Rana,ekrishnan@varkey.com,2023-11-01
28,Miraya Nair,lbhatt@gmail.com,2023-08-03
29,Riaan Kumar,kotaadah@gmail.com,2024-06-23
30,Shaan Patel,nakulagate@sandhu.biz,2024-02-16
31,Stuvan Kumar,tvaidya@cherian-jain.org,2023-03-15
32,Rasha Nair,tanejajayan@yahoo.com,2024-04-22
33,Shray Choudhary,vidurkarpe@yohannan.info,2023-03-31
34,Neelofar Pandey,parikale@bassi-talwar.com,2023-04-24
35,Tanya Bose,kimayakorpal@subramaniam-krish.net,2025-02-01
36,Faiyaz Nair,yohannananahi@grewal.info,2024-08-19
37,Ranbir Yadav,kapurshalv@hotmail.com,2023-09-26
38,Alia Joshi,gourshalv@sekhon.com,2023-10-20
39,Shamik Das,dratta@yahoo.com,2024-03-04
40,Mohanlal Chopra,prisha61@manda-aurora.com,2023-05-07
41,Aaina Chopra,pchauhan@gmail.com,2024-05-12
42,Saksham Pandey,nchaudhari@bahri-sachdeva.com,2023-12-09
43,Anahi Verma,tara42@kale.biz,2024-06-30
44,Raghav Bose,xamble@gmail.com,2024-08-14
45,Riya Reddy,xbahri@maharaj.com,2023-11-02
46,Gokul Choudhary,raunaksen@dugal.com,2024-01-16
47,Ryan Verma,miraan77@yahoo.com,2023-06-19
48,Ivan Yadav,ivan60@gmail.com,2023-06-04
49,Prerak Yadav,venkataramanjiya@hotmail.com,2023-10-12
50,Ayesha Reddy,zainmangal@dass-andra.com,2024-12-23
51,Sahil Bose,eshani34@chahal.net,2024-01-23
52,Siya Nair,samarth55@hotmail.com,2023-04-22
53,Onkar Joshi,chaudharysumer@sridhar-anand.biz,2024-08-13
54,Aarna Patel,anahi10@gmail.com,2025-01-20
55,Trisha Chopra,anahitadevan@kaur.com,2023-05-09
56,Aarav Iyer,rohan04@mangal-magar.info,2023-07-13
57,Samaira Singh,praja@gala-ramakrishnan.com,2023-09-04
58,Anika Patel,ayeshabahri@korpal-shukla.com,2025-01-02
59,Yashvi Kumar,bkarnik@kar-golla.org,2024-04-07
60,Hazel Mehta,borajiya@yahoo.com,2024-05-21
61,Seher Gupta,vasasaksham@garg.com,2023-04-14
62,Emir Mehta,kismatanand@barad.com,2024-08-24
63,Jayesh Gupta,keershaan@chawla.com,2024-02-01
64,Zaina Rana,hrishita12@sarkar.com,2023-08-18
65,Reyansh Iyer,aradhyabhavsar@hotmail.com,2023-06-14
66,Ivan Reddy,vchatterjee@wali.net,2023-08-09
67,Ojas Chopra,dchandra@karpe.com,2025-01-28
68,Veer Nair,ranbirbanerjee@hotmail.com,2023-09-29
69,Ela Sharma,shahsamar@rajagopal-chaudhary.biz,2023-05-17
70,Pranay Iyer,yasmin53@sharma.com,2023-04-19
71,Darshit Yadav,ravaleva@dugar-hayer.biz,2024-12-02
72,Divij Mehta,umangdeol@gmail.com,2023-08-11
73,Trisha Patel,taimurboase@yahoo.com,2025-02-04
74,Aniruddh Thakur,arhaandayal@gmail.com,2025-01-09
75,Dhanuk Gupta,purab60@yahoo.com,2023-04-30
76,Reyansh Verma,ekadakia@majumdar.com,2023-03-07
77,Bhavin Yadav,sanghadiya@hotmail.com,2024-02-13
78,Shalv Singh,sachdevtarini@roy.com,2024-09-17
79,Dharmajan Kumar,kaira22@cheema.com,2024-10-07
80,Aniruddh Gupta,keerarnav@yahoo.com,2024-07-06
81,Anvi Chopra,tripathitrisha@gulati-bakshi.com,2023-03-05
82,Trisha Sharma,ehsaanyohannan@kapoor.net,2024-12-03
83,Pari Verma,xdeol@gmail.com,2023-04-03
84,Zeeshan Choudhary,tsami@gmail.com,2024-11-29
85,Kimaya Kumar,kanavramaswamy@kumer-sem.org,2023-06-02
86,Shalv Reddy,lsunder@yahoo.com,2024-04-20
87,Divit Das,samraarhaan@jhaveri.com,2024-06-28
88,Zoya Thakur,kallabaiju@hotmail.com,2023-10-13
89,Uthkarsh Sharma,ddeol@reddy.net,2023-11-03
90,Yuvaan Gupta,samairagarg@krishna.biz,2024-06-27
91,Nitara Mehta,mirayabatra@yahoo.com,2023-07-26
92,Mahika Reddy,bkale@vig.biz,2025-01-10
93,Yasmin Joshi,dvirk@rattan-brar.com,2024-08-25
94,Bhavin Choudhary,bguha@gmail.com,2024-09-24
95,Ishaan Gupta,purabsood@jaggi-sidhu.com,2024-06-03
96,Faiyaz Das,oraman@hotmail.com,2024-02-01
97,Neelofar Pandey,jivinjhaveri@yahoo.com,2023-02-16
98,Armaan Sharma,pwason@shere-gulati.com,2023-03-13
99,Khushi Das,nishith04@atwal-sandal.com,2023-06-28
100,Urvi Nair,ssandal@yahoo.com,2023-10-28
101,Sahil Bose,aradhyachaudhari@gara.com,2024-11-17
102,Rhea Pandey,rkumar@chowdhury-saraf.com,2023-08-30
103,Rania Malhotra,chhabrakavya@gmail.com,2024-06-06
104,Vihaan Kumar,pwagle@kanda-dua.com,2025-01-07
105,Ira Choudhary,trishayogi@gmail.com,2024-11-13
106,Tanya Reddy,hunar05@kurian-viswanathan.com,2024-12-16
107,Krish Singh,adara@uppal.info,2024-12-07
108,Advika Choudhary,garakimaya@yahoo.com,2024-08-06
109,Trisha Reddy,devanshgokhale@hotmail.com,2023-04-27
110,Tara Kumar,amirakari@shenoy.net,2023-07-27
111,Lavanya Nair,omadan@gade.com,2023-05-27
112,Purab Gupta,nayantarakaul@mani-thakur.net,2024-11-18
113,Saanvi Chopra,advikbala@dave-magar.com,2024-03-25
114,Sumer Patel,wbhat@rao-taneja.org,2023-02-15
115,Piya Thakur,miraandora@yahoo.com,2024-09-14
116,Aaina Reddy,qmadan@yahoo.com,2023-08-04
117,Fateh Malhotra,korpalmisha@hotmail.com,2024-04-08
118,Kashvi Verma,mannandivyansh@kapadia.info,2023-12-01
119,Dhanuk Das,manisaira@shukla-thakkar.com,2023-05-28
120,Oorja Yadav,tara69@gmail.com,2024-12-25
121,Kabir Mehta,lataeshani@varghese-chatterjee.com,2024-11-19
122,Urvi Choudhary,xkrishna@chaudhary.org,2023-04-16
123,Fateh Malhotra,divit67@konda-dhar.biz,2023-04-27
124,Aarna Reddy,kimaya96@gmail.com,2024-01-31
125,Rhea Chopra,mahika45@bera-garg.com,2023-11-05
126,Vedika Joshi,chaudharisamaira@krishnamurthy.biz,2023-06-11
127,Kashvi Choudhary,dharivan@din-gopal.org,2024-02-21
128,Zara Thakur,sharmanirvi@gmail.com,2023-04-26
129,Badal Verma,katwal@vasa.biz,2024-04-20
130,Pranay Gupta,rashabawa@dhawan-dasgupta.biz,2024-07-26
131,Advik Malhotra,chakrabortyjayan@hotmail.com,2024-07-05
132,Mehul Das,seher14@magar.com,2023-10-08
133,Raghav Reddy,diya50@gmail.com,2023-04-29
134,Nishith Joshi,hrishita66@sankaran.com,2024-11-19
135,Mahika Nair,rasha50@borah-walla.com,2023-10-26
136,Farhan Sharma,ramabiju@sharaf.org,2024-08-13
137,Charvi Pandey,idass@sethi.net,2023-07-08
138,Kiaan Joshi,dewanmadhav@sarma.com,2024-05-05
139,Pihu Das,gokul32@gmail.com,2023-05-14
140,Gokul Reddy,divitkonda@kant-bhasin.com,2024-09-10
141,Samiha Bose,ghoserohan@khatri.net,2023-08-26
142,Aayush Kumar,lbora@varty-vohra.com,2023-05-17
143,Hiran Das,alia66@yahoo.com,2024-11-29
144,Kartik Gupta,mahikachoudhry@ahluwalia.biz,2024-02-01
145,Indrajit Joshi,kahluwalia@thaman-basu.info,2023-04-07
146,Advik Gupta,rchakrabarti@gmail.com,2023-12-31
147,Bhavin Verma,bhaktasumer@gmail.com,2024-05-26
148,Dhanush Kumar,tdevi@choudhury.info,2025-01-26
149,Darshit Mehta,yreddy@hotmail.com,2024-05-04
150,Priyansh Rana,esahota@sha.net,2025-02-04
151,Trisha Choudhary,shlok25@shankar.net,2024-10-03
152,Hansh Yadav,divijchaudhuri@hotmail.com,2024-01-21
153,Yuvaan Verma,jmanne@gour-mall.com,2023-05-11
154,Hansh Reddy,kashvibalasubramanian@gmail.com,2024-12-02
155,Samaira Kumar,shraychad@hans.org,2023-05-06
156,Tiya Pandey,anahi05@rajagopal.com,2024-02-26
157,Emir Rana,hrishitasha@chada.com,2023-03-21
158,Shray Pandey,kswaminathan@brar.com,2023-04-20
159,Ivan Kumar,rania15@gmail.com,2024-08-30
160,Yasmin Mehta,stuvanben@baral.biz,2024-07-16
161,Prerak Malhotra,dharmajanbumb@amble.net,2024-11-29
162,Rania Pandey,kbuch@hotmail.com,2023-03-19
163,Neelofar Bose,reneelalla@yahoo.com,2023-10-10
164,Vihaan Das,anvi09@hotmail.com,2023-04-11
165,Zara Choudhary,gsarin@luthra-gour.com,2024-07-09
166,Baiju Choudhary,ayesha11@sethi.com,2023-07-01
167,Rania Thakur,purabgade@gmail.com,2023-12-21
168,Fateh Joshi,mammenkaira@mammen.info,2024-07-08
169,Pari Iyer,gsubramanian@sarin.info,2024-06-24
170,Dhanuk Gupta,ivana28@hotmail.com,2024-08-29
171,Reyansh Singh,baildrishya@yahoo.com,2024-02-23
172,Charvi Patel,seher26@yahoo.com,2024-05-05
173,Miraan Choudhary,badalhayre@hotmail.com,2023-10-25
174,Madhup Mehta,aryaaaina@vora-hegde.com,2023-08-27
175,Ahana  Kumar,gchoudhry@raj.com,2023-04-26
176,Alia Mehta,wasonseher@gmail.com,2024-06-08
177,Eshani Pandey,schoudhary@dewan-choudhury.info,2024-01-01
178,Prerak Thakur,mirayaborra@gmail.com,2023-09-24
179,Ishaan Rana,mcherian@yahoo.com,2023-10-14
180,Zoya Joshi,ranaadira@gmail.com,2023-12-23
181,Reyansh Pandey,vohramiraan@dalia-borde.com,2024-08-17
182,Inaaya  Das,yakshitkota@yogi.net,2024-06-08
183,Aradhya Joshi,kibesumer@yahoo.com,2023-04-30
184,Shalv Iyer,mamootymall@saini.com,2024-05-28
185,Devansh Chopra,bganesh@bajaj-dube.info,2024-05-27
186,Hiran Nair,raghavrout@gopal-chokshi.com,2024-02-29
187,Arnav Chopra,divit16@gmail.com,2023-10-07
188,Mannat Malhotra,sibalaarush@hotmail.com,2024-01-08
189,Veer Malhotra,ykurian@gmail.com,2024-08-03
190,Ahana  Verma,vahuja@mani-sura.com,2023-06-09
191,Dhruv Iyer,lsuri@gmail.com,2023-11-27
192,Dishani Rana,dharsamarth@wadhwa.org,2023-11-20
193,Taimur Yadav,wvarty@madan.info,2024-08-19
194,Mahika Reddy,miraan46@behl.com,2024-05-26
195,Azad Bose,tiyaranganathan@hotmail.com,2023-08-20
196,Sahil Malhotra,rheachaudhary@yahoo.com,2023-08-07
197,Jayan Iyer,vbansal@yahoo.com,2024-01-17
198,Samaira Nair,pihuswamy@yahoo.com,2024-01-25
199,Alia Reddy,yhegde@yahoo.com,2023-09-04
200,Nishith Thakur,lavanyachoudhry@mangat.info,2024-10-19
201,Kartik Reddy,inaaya-chatterjee@hotmail.com,2023-06-08
202,Renee Pandey,yashvi09@mammen-garde.com,2023-11-28
203,Zaina Chopra,kakaradvika@hotmail.com,2024-03-12
204,Gatik Kumar,vaibhav69@maharaj.com,2024-10-09
205,Zoya Nair,contractortarini@yahoo.com,2024-08-19
206,Suhana Malhotra,krish21@gmail.com,2023-09-03
207,Ishita Verma,bhaminimander@yahoo.com,2024-08-18
208,Dishani Das,psarna@solanki-dayal.net,2024-02-13
209,Riaan Das,fbhandari@upadhyay.com,2024-11-03
210,Biju Pandey,zainanne@gmail.com,2024-04-05
211,Ela Bose,tejas56@tata-bera.com,2023-04-06
212,Dishani Bose,dhillonalisha@yahoo.com,2025-01-11
213,Fateh Das,jsen@chatterjee.com,2023-10-17
214,Seher Kumar,evakari@baria.biz,2024-01-19
215,Priyansh Bose,jbhat@gmail.com,2024-02-28
216,Stuvan Mehta,amirakhalsa@gmail.com,2024-07-28
217,Onkar Thakur,kakarlagan@sathe.org,2023-09-27
218,Biju Yadav,bajwashamik@kannan.com,2024-06-01
219,Gatik Patel,chakrabartisamarth@hotmail.com,2024-12-15
220,Sahil Thakur,samraayesha@gmail.com,2023-07-25
221,Arhaan Joshi,adahacharya@gmail.com,2024-02-26
222,Kiara Malhotra,kabirsridhar@batta.net,2023-09-05
223,Darshit Mehta,aainachawla@vaidya.net,2023-06-17
224,Madhup Patel,renee66@saini-khare.com,2023-04-05
225,Krish Das,ogola@bhatti.com,2024-06-28
226,Tanya Sharma,vwable@goswami-garg.com,2023-08-05
227,Biju Reddy,taranbadami@gmail.com,2023-12-24
228,Kashvi Verma,qgandhi@chaudhry.net,2023-03-07
229,Himmat Pandey,farhanramakrishnan@sarna-bhardwaj.net,2023-12-24
230,Kismat Joshi,veer86@chaudhari-choudhary.info,2024-11-16
231,Bhavin Mehta,zkaur@hotmail.com,2025-01-24
232,Saksham Yadav,bathira@basu.org,2023-12-02
233,Zeeshan Malhotra,aaryahi37@sekhon.net,2023-03-30
234,Sana Thakur,rania87@hotmail.com,2024-12-03
235,Akarsh Joshi,gadebaiju@sharma-chowdhury.com,2024-01-21
236,Jivin Malhotra,rsaha@loke-rana.com,2023-06-26
237,Miraan Patel,xbanerjee@kar.org,2024-02-01
238,Prisha Sharma,abram43@yahoo.com,2024-07-06
239,Nitya Das,santishita@gmail.com,2023-05-07
240,Ayesha Reddy,fmadan@char-bahri.com,2023-07-24
241,Fateh Iyer,nirvi49@tailor-bansal.com,2024-12-26
242,Diya Das,mishti67@srinivas-zacharia.com,2024-01-08
243,Akarsh Malhotra,saanvideep@savant.com,2023-09-10
244,Faiyaz Choudhary,odalal@reddy-malhotra.biz,2024-03-14
245,Renee Gupta,suramiraya@gmail.com,2024-11-26
246,Inaaya  Patel,ranbirsood@gmail.com,2024-03-25
247,Reyansh Thakur,shayakchahal@hotmail.com,2023-10-05
248,Riaan Das,buchshlok@srinivas.com,2023-10-16
249,Manikya Chopra,ahluwaliaadvika@yahoo.com,2024-12-29
250,Anvi Chopra,rdalal@hotmail.com,2023-10-07
251,Kiaan Chopra,cchana@ghosh.org,2023-08-12
252,Nitya Gupta,damini72@gulati-venkataraman.com,2023-09-08
253,Manikya Thakur,shahindranil@barman-kunda.com,2023-06-12
254,Kanav Das,shamikmanda@gmail.com,2023-08-04
255,Mohanlal Kumar,wsahni@gaba.biz,2023-11-29
256,Tanya Yadav,hbalasubramanian@sehgal-ben.net,2024-05-12
257,Yakshit Choudhary,ahana-bala@gmail.com,2024-03-19
258,Eshani Singh,rajanehmat@gmail.com,2023-07-09
259,Priyansh Sharma,shalv43@gmail.com,2024-09-23
260,Vidur Pandey,saanvisur@sarma.com,2024-03-23
261,Pari Patel,walladrishya@gmail.com,2023-09-27
262,Jayesh Mehta,trishathakkar@korpal.net,2024-08-06
263,Akarsh Bose,nityasastry@sridhar-ratti.com,2024-02-13
264,Nehmat Das,piya45@mangal.com,2023-08-20
265,Saanvi Choudhary,manjari90@yahoo.com,2023-04-19
266,Purab Mehta,qdugal@gour.info,2023-02-11
267,Shayak Chopra,aayush08@ben-lala.com,2024-05-29
268,Ishita Thakur,vaibhav03@khalsa.com,2023-03-31
269,Kanav Sharma,oorjadayal@yahoo.com,2023-07-26
270,Azad Iyer,ojas00@gmail.com,2024-11-23
271,Tarini Patel,aniruddhkhanna@hotmail.com,2024-12-26
272,Jayan Gupta,reneedhawan@balakrishnan.com,2024-07-10
273,Shlok Das,sehgalsaksham@dugar-kota.org,2023-02-22
274,Vardaniya Kumar,adahtara@hotmail.com,2023-03-04
275,Riaan Gupta,krishkorpal@gmail.com,2024-02-06
276,Akarsh Rana,vgrover@yahoo.com,2023-12-02
277,Saksham Verma,kchanda@yahoo.com,2024-05-08
278,Vivaan Iyer,fateh83@gmail.com,2023-06-30
279,Manjari Iyer,gatwal@rao-kashyap.com,2024-05-27
280,Faiyaz Thakur,aganesh@hotmail.com,2024-01-18
281,Saira Malhotra,rchokshi@gopal.org,2023-11-18
282,Misha Malhotra,madhavshankar@srinivasan-maharaj.net,2023-06-24
283,Sahil Das,semtarini@desai-shah.org,2024-02-08
284,Heer Iyer,kiaanrana@sathe.com,2023-09-23
285,Mohanlal Yadav,maharajamani@gmail.com,2024-06-24
286,Dhanuk Rana,yuvaan61@hotmail.com,2024-01-02
287,Ira Joshi,baradraunak@jani.com,2025-01-05
288,Mehul Malhotra,ahujajivin@yahoo.com,2023-06-30
289,Kiaan Verma,qchand@yahoo.com,2024-04-29
290,Zeeshan Mehta,ryan90@mand.com,2023-12-17
291,Kiaan Kumar,mirayadani@gmail.com,2023-10-25
292,Neysa Gupta,mannpihu@yahoo.com,2024-02-04
293,Dharmajan Sharma,xbarad@sahota.biz,2024-07-13
294,Uthkarsh Bose,mamooty55@hotmail.com,2024-06-15
295,Arnav Malhotra,lavanya09@sane-sundaram.com,2023-06-12
296,Shanaya Rana,eagate@gmail.com,2023-10-25
297,Vedika Thakur,arastogi@atwal.com,2023-12-21
298,Faiyaz Choudhary,baijudutt@sarin.com,2024-05-02
299,Yasmin Gupta,madhav78@dave.com,2024-01-07
300,Mohanlal Yadav,kaira26@barad.com,2024-05-15
301,Vedika Iyer,vaibhav65@som.biz,2024-06-01
302,Myra Joshi,mray@rana.biz,2024-01-31
303,Samarth Iyer,baijumajumdar@hotmail.com,2023-05-28
304,Jiya Iyer,desaimahika@soman-sood.org,2023-07-11
305,Nehmat Verma,vaibhavgole@madan.com,2023-10-19
306,Divit Kumar,zainabhandari@raju.com,2024-08-24
307,Jivin Rana,chiragsaini@hotmail.com,2023-11-27
308,Faiyaz Thakur,balayhiran@de-khatri.com,2024-02-14
309,Nayantara Iyer,dixitjivika@gmail.com,2023-08-04
310,Saanvi Verma,nirvaanghose@yahoo.com,2025-01-17
311,Damini Mehta,vdani@bawa.com,2023-06-29
312,Abram Malhotra,hazelwalia@talwar.com,2024-07-25
313,Chirag Joshi,jayeshkeer@gmail.com,2023-04-16
314,Akarsh Chopra,shalvchokshi@virk.com,2024-03-02
315,Amani Thakur,viswanathanmanjari@hotmail.com,2024-11-23
316,Shlok Bose,bdara@hotmail.com,2024-12-03
317,Taran Pandey,sumer79@bakshi.com,2023-05-23
318,Navya Malhotra,thakeraarna@gmail.com,2023-11-13
319,Vaibhav Reddy,vardaniya29@babu.org,2023-02-10
320,Badal Nair,manikya92@gmail.com,2023-05-07
321,Fateh Joshi,gulatiela@gmail.com,2024-05-01
322,Siya Malhotra,ojasgoyal@dugar-khurana.com,2025-01-22
323,Nirvaan Rana,rohananand@yahoo.com,2024-05-23
324,Hridaan Rana,msankar@madan.com,2023-04-04
325,Advik Nair,bchandra@yahoo.com,2023-10-18
326,Amira Malhotra,vigmehul@bail-sharaf.biz,2024-10-21
327,Vivaan Kumar,bhatnagarnakul@bali-taneja.com,2024-06-10
328,Tara Pandey,mohanlal43@golla.com,2024-09-25
329,Jhanvi Yadav,vanya13@gmail.com,2023-12-28
330,Hridaan Kumar,obalan@gmail.com,2024-07-11
331,Emir Bose,yuvraj-51@yahoo.com,2023-04-29
332,Badal Malhotra,dugardivyansh@zachariah.org,2023-03-06
333,Manjari Das,ryan85@thaker.com,2024-03-24
334,Charvi Pandey,purabwagle@gmail.com,2023-09-03
335,Tara Thakur,zainbhavsar@hotmail.com,2023-12-30
336,Vaibhav Chopra,adira66@gmail.com,2024-02-01
337,Piya Bose,indransranganathan@yahoo.com,2024-08-07
338,Bhavin Kumar,madhup78@gmail.com,2023-08-07
339,Saksham Mehta,mdayal@yahoo.com,2023-05-19
340,Veer Joshi,gkeer@yahoo.com,2024-02-04
341,Drishya Das,jivinbutala@chowdhury.com,2024-10-11
342,Piya Malhotra,hrishita11@yahoo.com,2024-10-20
343,Kanav Singh,mishtiwason@jayaraman.biz,2023-07-27
344,Ojas Nair,heer98@hora.com,2023-02-24
345,Kashvi Mehta,tarakapadia@viswanathan.com,2024-04-28
346,Bhamini Sharma,yashviaurora@trivedi-arya.org,2024-08-04
347,Nishith Pandey,mehul06@varughese.com,2023-02-10
348,Neelofar Patel,krishnaamira@gmail.com,2024-11-13
349,Dishani Mehta,jseshadri@ramaswamy-bhagat.org,2023-07-24
350,Ryan Reddy,nehmathegde@gmail.com,2024-05-29
351,Hiran Iyer,manjari54@hotmail.com,2023-10-07
352,Vivaan Nair,gmajumdar@buch.com,2023-08-18
353,Akarsh Rana,thakkaryasmin@yahoo.com,2023-12-16
354,Kavya Patel,onkarthakkar@chandran-madan.biz,2024-06-18
355,Mehul Chopra,baradhunar@hayer.com,2023-10-06
356,Ahana  Bose,thakkarivan@suri.com,2024-03-29
357,Aarush Joshi,yuvaanshukla@hotmail.com,2023-10-25
358,Mamooty Sharma,hansh15@tata.com,2024-12-04
359,Arhaan Gupta,nkapur@yahoo.com,2024-02-08
360,Taimur Patel,zain42@gmail.com,2024-02-02
361,Jhanvi Thakur,schakraborty@ben-bhattacharyya.net,2023-08-11
362,Neelofar Pandey,gwalia@solanki-shankar.com,2023-10-24
363,Prerak Singh,hdixit@goyal.org,2023-03-17
364,Kanav Pandey,himmat15@gmail.com,2024-02-21
365,Zeeshan Mehta,ritvikkarnik@dave-wable.info,2024-07-08
366,Abram Thakur,sibalaniruddh@hotmail.com,2023-03-24
367,Madhav Joshi,zaragala@kala.info,2024-06-01
368,Lakshit Pandey,lakshaykarnik@gmail.com,2023-12-28
369,Pari Joshi,ttandon@taneja-chaudhary.info,2023-05-26
370,Mahika Gupta,srinivasheer@hotmail.com,2023-03-22
371,Charvi Nair,heer71@dugar.net,2024-12-03
372,Sara Verma,aayush20@gmail.com,2024-04-22
373,Sumer Iyer,misha31@gmail.com,2023-03-26
374,Mahika Rana,indrajit61@yahoo.com,2024-07-17
375,Dhanuk Malhotra,boasedivit@hotmail.com,2023-04-27
376,Kartik Joshi,kotharirenee@gmail.com,2025-01-16
377,Shayak Pandey,gdesai@goel.com,2023-03-24
378,Ahana  Malhotra,anay33@yahoo.com,2023-04-29
379,Charvi Iyer,sehgalindrans@bhargava-tripathi.info,2024-03-28
380,Zeeshan Yadav,adah27@saraf.com,2023-12-12
381,Kismat Reddy,iwadhwa@hotmail.com,2023-04-12
382,Shayak Choudhary,anay09@swamy.com,2024-07-20
383,Shayak Bose,gbath@batta.org,2024-06-18
384,Kartik Singh,ekothari@madan-chanda.com,2025-01-10
385,Samiha Verma,kuruvilladevansh@iyer.com,2023-09-15
386,Khushi Pandey,suhanakumer@gmail.com,2024-11-10
387,Lakshit Patel,kavyadubey@dasgupta-bhattacharyya.biz,2023-04-15
388,Vritika Bose,yaurora@hotmail.com,2024-10-17
389,Shanaya Kumar,jvarkey@ganesh.info,2024-10-17
390,Vidur Rana,shlok98@gmail.com,2024-01-25
391,Jhanvi Kumar,qwalla@keer.com,2024-10-28
392,Mahika Yadav,chaudhurisiya@yahoo.com,2024-11-12
393,Tarini Patel,anvibava@mann.info,2024-02-29
394,Rhea Rana,dhruvdugal@yahoo.com,2023-08-02
395,Neysa Kumar,azadhayer@yahoo.com,2024-02-18
396,Gatik Nair,azadkakar@kala.net,2023-06-20
397,Arnav Singh,bupadhyay@wagle.net,2024-06-14
398,Fateh Nair,pbajaj@ramesh-bora.info,2024-12-14
399,Samarth Singh,mahika33@yahoo.com,2024-12-20
400,Rohan Bose,settygatik@biswas-keer.biz,2023-02-21
401,Kiaan Verma,mahikakeer@gala-dasgupta.com,2024-08-15
402,Divij Verma,rastogivanya@reddy-kara.com,2023-06-28
403,Parinaaz Joshi,ahana-55@yahoo.com,2024-07-25
404,Ehsaan Singh,neelofar61@yahoo.com,2024-05-22
405,Zain Singh,sekhonemir@tak-kapadia.net,2024-11-11
406,Alia Iyer,tejas87@gmail.com,2024-09-30
407,Sana Gupta,prerakbaria@hotmail.com,2024-04-18
408,Advika Singh,farhansengupta@yahoo.com,2024-03-03
409,Taimur Nair,vanand@sahota.net,2024-02-26
410,Eva Thakur,dorahunar@tella-gokhale.com,2023-07-06
411,Taimur Choudhary,crao@rajan.net,2024-10-17
412,Tara Gupta,emirganesh@raja-datta.info,2025-01-23
413,Pari Joshi,kaulseher@lalla.com,2024-06-02
414,Yasmin Verma,samarth49@gmail.com,2024-06-11
415,Keya Rana,eshanisahni@hotmail.com,2023-04-28
416,Aaina Singh,zkala@sami-roy.com,2024-08-13
417,Charvi Malhotra,magarmanikya@yahoo.com,2024-10-29
418,Prisha Singh,aaryahi64@doctor-vala.org,2024-04-26
419,Taimur Patel,mandgatik@behl-wadhwa.com,2024-04-03
420,Anya Mehta,chaudharytaimur@borah.com,2023-03-20
421,Rania Reddy,khannarohan@gmail.com,2024-11-30
422,Kiaan Choudhary,saanvidin@yahoo.com,2024-03-08
423,Pranay Malhotra,laleshani@hotmail.com,2023-03-02
424,Charvi Yadav,amani77@hotmail.com,2023-09-21
425,Kabir Nair,kdave@hotmail.com,2023-04-09
426,Gatik Thakur,hayrechirag@mane-kibe.com,2024-04-06
427,Ayesha Rana,neelofar38@dalia-bansal.com,2023-02-17
428,Samarth Kumar,vihaan24@hotmail.com,2023-12-29
429,Vritika Das,wkaran@gmail.com,2024-06-22
430,Ritvik Reddy,xbiswas@yahoo.com,2024-11-01
431,Anay Joshi,kaurprerak@sachdeva.com,2023-12-31
432,Raunak Kumar,mahikasoni@hotmail.com,2023-08-07
433,Vihaan Rana,vritika83@hotmail.com,2023-08-06
434,Lagan Chopra,madanshalv@bhagat.com,2023-05-18
435,Saira Verma,zdutt@gmail.com,2024-12-31
436,Urvi Mehta,rbahl@hotmail.com,2023-12-07
437,Seher Das,sarafaarna@hotmail.com,2023-05-01
438,Miraan Gupta,pchopra@yahoo.com,2025-02-02
439,Tara Nair,triveditaimur@yahoo.com,2024-03-03
440,Aarush Yadav,xsolanki@venkatesh.com,2024-04-07
441,Nitara Verma,rheabhattacharyya@hotmail.com,2023-03-14
442,Kabir Das,romilrandhawa@hotmail.com,2023-08-27
443,Zaina Sharma,dhanush01@yahoo.com,2023-02-16
444,Hunar Pandey,zara04@yahoo.com,2023-10-23
445,Aayush Malhotra,cherianshanaya@hotmail.com,2024-02-12
446,Urvi Reddy,aayush88@gmail.com,2023-06-07
447,Mohanlal Pandey,prisha88@bassi.net,2024-03-20
448,Hunar Bose,luthrasamaira@mahal.com,2023-09-07
449,Jiya Malhotra,agateraghav@gandhi.com,2024-01-13
450,Hrishita Yadav,mdoctor@hotmail.com,2024-12-12
451,Faiyaz Yadav,nirvi29@yahoo.com,2024-04-23
452,Myra Kumar,elakshi72@gmail.com,2023-05-28
453,Jiya Gupta,abuch@yahoo.com,2024-04-14
454,Aarav Malhotra,amanishroff@acharya.com,2023-03-08
455,Ahana  Yadav,banerjeeishaan@badami.com,2024-01-28
456,Indrajit Patel,mamootychar@hotmail.com,2024-01-19
457,Ishita Pandey,edutt@hotmail.com,2024-01-22
458,Advik Nair,anahiwason@hotmail.com,2025-01-30
459,Jayant Reddy,kakarzeeshan@hotmail.com,2024-01-29
460,Lakshit Kumar,ttrivedi@jain.com,2024-10-18
461,Shray Choudhary,mbhardwaj@andra-aggarwal.com,2023-02-09
462,Samaira Sharma,ranbirbanerjee@bawa.com,2024-01-23
463,Abram Malhotra,banikkimaya@gmail.com,2023-08-14
464,Rania Chopra,kataira@yahoo.com,2024-12-24
465,Riya Mehta,yakshitbanerjee@hotmail.com,2024-02-09
466,Indranil Iyer,psalvi@jayaraman.com,2023-09-20
467,Lagan Chopra,riya57@yahoo.com,2023-09-16
468,Samaira Malhotra,vivaan65@kibe.com,2024-05-01
469,Tushar Gupta,samiha29@yadav.com,2023-11-14
470,Ahana  Kumar,tanyaborde@dhar.org,2023-05-21
471,Stuvan Verma,sachdevaadvik@contractor.com,2023-02-25
472,Fateh Thakur,divanvidur@mahajan.com,2023-12-15
473,Devansh Das,anika61@subramanian.biz,2024-12-14
474,Sahil Malhotra,dubeyuthkarsh@hotmail.com,2023-02-21
475,Myra Choudhary,advikabhat@deshmukh-balan.com,2024-03-30
476,Badal Verma,guhavardaniya@varughese-tank.com,2025-01-22
477,Dhanuk Choudhary,darshit93@arora-goel.com,2023-07-14
478,Hazel Thakur,rkurian@yahoo.com,2024-09-02
479,Jhanvi Kumar,sureshkavya@hotmail.com,2025-01-14
480,Mishti Thakur,zbadami@tak-chhabra.com,2023-08-14
481,Abram Thakur,chandachirag@wadhwa.biz,2023-02-10
482,Aaina Verma,sroy@vaidya.com,2024-01-11
483,Samaira Reddy,pranay66@buch.biz,2023-06-15
484,Jivika Verma,hchoudhury@kala.com,2024-12-15
485,Gatik Yadav,lallmadhup@yahoo.com,2023-02-09
486,Tanya Nair,emirthaman@date.com,2023-03-08
487,Dishani Bose,mahika49@gmail.com,2023-07-01
488,Shalv Singh,romil51@dugal.net,2023-07-11
489,Elakshi Choudhary,mishaissac@yahoo.com,2024-03-19
490,Adah Kumar,jsalvi@sabharwal.com,2024-07-28
491,Ela Thakur,ladmyra@yahoo.com,2023-04-09
492,Ranbir Iyer,ivana11@dar.org,2024-06-09
493,Onkar Verma,zdara@rana.com,2023-11-24
494,Siya Reddy,ritvik37@hayer.biz,2024-08-30
495,Onkar Sharma,miraan19@khosla.com,2023-10-03
496,Hansh Singh,kondashanaya@bahri.org,2025-01-03
497,Neelofar Malhotra,adahchadha@yahoo.com,2023-04-23
498,Eshani Bose,gandhimahika@yahoo.com,2023-11-17
499,Ira Yadav,rattansaira@hotmail.com,2023-07-05
500,Kabir Verma,neelofardatta@yahoo.com,2024-02-16
501,Mannat Joshi,ivana38@chakraborty.com,2023-10-11
502,Kashvi Patel,ssrinivasan@yahoo.com,2023-04-04
503,Ira Yadav,aroy@yahoo.com,2023-08-09
504,Pihu Mehta,cchakraborty@yahoo.com,2024-11-23
505,Tanya Das,ltalwar@jayaraman.com,2024-05-12
506,Gatik Yadav,gokul98@hotmail.com,2023-08-13
507,Mannat Choudhary,mangatzara@hotmail.com,2023-08-07
508,Shayak Thakur,omangat@yahoo.com,2024-01-30
509,Navya Kumar,yasmin16@ganguly.com,2024-05-23
510,Prisha Bose,alisha72@yahoo.com,2024-01-09
511,Anay Mehta,guhamamooty@gmail.com,2024-01-21
512,Hrishita Gupta,randhawamohanlal@bhardwaj-sahni.com,2023-05-02
513,Arhaan Verma,xbahri@hotmail.com,2023-10-03
514,Nirvaan Bose,ramaadah@venkataraman.com,2024-11-02
515,Kiara Rana,kavya19@dave.com,2024-10-08
516,Dharmajan Kumar,bhaktayakshit@yahoo.com,2023-09-28
517,Divyansh Gupta,anay79@gmail.com,2024-04-18
518,Tara Singh,dhanush00@hotmail.com,2024-12-01
519,Badal Reddy,ldutta@yahoo.com,2024-07-29
520,Ishaan Singh,jiyabala@yahoo.com,2023-11-11
521,Miraya Nair,divijsawhney@hotmail.com,2023-10-27
522,Nehmat Yadav,priyanshbassi@hotmail.com,2024-12-29
523,Jivika Mehta,kairaray@hotmail.com,2023-03-25
524,Gatik Singh,sidhuvivaan@sandhu.com,2024-01-07
525,Kaira Sharma,khans@varkey.biz,2024-01-26
526,Aaina Das,gbains@saxena.info,2023-12-16
527,Saanvi Yadav,kabir00@luthra-sule.com,2023-12-11
528,Lavanya Chopra,madhupravi@thaman.com,2023-05-01
529,Drishya Gupta,thakkargokul@sidhu.com,2024-02-06
530,Jivika Singh,myravarty@chatterjee-singh.net,2023-11-08
531,Miraan Chopra,samarth63@gmail.com,2023-07-31
532,Devansh Nair,tushar19@gandhi.org,2023-09-24
533,Madhav Reddy,qvasa@ahluwalia-karan.com,2025-01-13
534,Khushi Yadav,amangal@yahoo.com,2024-06-12
535,Seher Gupta,shenoyfarhan@gmail.com,2024-09-29
536,Myra Iyer,hrishita72@bains-subramaniam.com,2024-01-10
537,Urvi Verma,bosekeya@balakrishnan.biz,2023-12-02
538,Samiha Choudhary,esinha@jha-soman.com,2023-09-02
539,Kanav Mehta,drishya20@gmail.com,2024-09-06
540,Nishith Patel,kamdarhazel@ganesan.com,2023-10-12
541,Amani Singh,bawasumer@hotmail.com,2024-08-11
542,Myra Patel,groveruthkarsh@kota.com,2024-02-14
543,Ryan Reddy,bthakkar@yahoo.com,2024-05-22
544,Nitya Chopra,ndas@hotmail.com,2024-05-20
545,Charvi Kumar,navyavenkataraman@buch.com,2023-05-05
546,Kashvi Malhotra,cahluwalia@walia.com,2024-10-25
547,Mahika Gupta,seherganguly@hotmail.com,2023-03-18
548,Zoya Yadav,boradivit@balan-krishnamurthy.com,2024-05-11
549,Kartik Choudhary,rsampath@hotmail.com,2023-06-15
550,Aaryahi Pandey,nsachdeva@madan.org,2023-12-05
551,Dhruv Bose,sumer61@yahoo.com,2023-06-13
552,Jayant Thakur,fdua@gmail.com,2023-05-22
553,Bhavin Yadav,ivana59@yahoo.com,2024-02-23
554,Shray Thakur,vanya90@suri-cheema.com,2024-01-17
555,Taran Joshi,uthkarsh31@gmail.com,2023-03-29
556,Emir Iyer,krish49@dada.com,2024-02-21
557,Mamooty Gupta,rkapadia@madan.com,2024-06-20
558,Armaan Patel,shankarnirvaan@chakrabarti-sanghvi.com,2023-09-14
559,Yakshit Sharma,miraya99@hotmail.com,2023-11-26
560,Riaan Pandey,tmahal@sundaram.com,2024-05-13
561,Ivana Gupta,chokshisaksham@yahoo.com,2023-08-24
562,Aaina Pandey,indrajit35@yahoo.com,2024-01-08
563,Kashvi Rana,somansana@dasgupta.com,2024-06-28
564,Jayesh Chopra,charvi19@bir.com,2024-01-11
565,Ishaan Verma,kavya00@gmail.com,2024-02-15
566,Diya Gupta,suhana93@kashyap.org,2024-05-10
567,Shaan Joshi,evadhillon@yahoo.com,2023-02-19
568,Stuvan Das,hanshmanne@hotmail.com,2024-03-24
569,Tanya Bose,mannatdass@mand-sani.org,2023-09-27
570,Mohanlal Pandey,zkata@yahoo.com,2023-06-04
571,Mehul Nair,jayant64@gmail.com,2023-04-27
572,Sana Chopra,evarughese@hotmail.com,2023-04-18
573,Zoya Joshi,buchfarhan@bali.biz,2024-01-29
574,Zeeshan Nair,prerak62@sarkar.com,2023-06-07
575,Lakshay Kumar,shlok35@yahoo.com,2024-01-10
576,Shray Yadav,maharajnayantara@yahoo.com,2023-02-08
577,Kaira Mehta,hegdeneysa@gmail.com,2023-08-05
578,Jivika Mehta,ehsaan35@gmail.com,2024-05-24
579,Arhaan Bose,geraseher@gmail.com,2023-02-10
580,Rasha Chopra,mviswanathan@gmail.com,2024-11-26
581,Nakul Das,samiha67@yahoo.com,2024-02-27
582,Anahita Singh,nehmatbobal@gmail.com,2024-07-29
583,Jayan Thakur,vardaniyasubramaniam@barad-karan.com,2024-01-22
584,Farhan Rana,bakshimohanlal@kale.com,2023-12-30
585,Sana Nair,idin@yahoo.com,2024-07-07
586,Alia Choudhary,shenoyishaan@hotmail.com,2023-04-25
587,Anahita Mehta,navyamanne@wagle.net,2023-03-16
588,Jiya Singh,fkhanna@sankaran.com,2024-06-28
589,Saksham Singh,oarora@gmail.com,2024-03-08
590,Hiran Sharma,varmanirvaan@subramaniam.net,2024-01-28
591,Sahil Reddy,kaira02@yahoo.com,2023-04-09
592,Biju Verma,anahi71@batra.com,2023-03-19
593,Azad Rana,sdevi@yahoo.com,2024-10-21
594,Devansh Das,vgrewal@varma-luthra.com,2023-08-28
595,Damini Gupta,samihasunder@krishnan-korpal.com,2023-08-29
596,Anay Kumar,adiraraja@yahoo.com,2025-01-03
597,Madhav Thakur,xborah@gmail.com,2024-08-13
598,Biju Nair,ggupta@kaur.org,2023-08-10
599,Anaya Nair,tanknayantara@bhalla.biz,2024-01-23
600,Jhanvi Rana,gdatta@sangha.com,2023-06-27
601,Bhavin Kumar,myraboase@chahal.net,2025-01-25
602,Kiaan Yadav,mamooty24@chadha-mane.info,2023-02-28
603,Ayesha Yadav,hsaxena@rattan.com,2024-04-08
604,Vanya Malhotra,yuvraj-40@gmail.com,2024-09-05
605,Vanya Choudhary,pranay52@gmail.com,2023-08-02
606,Himmat Malhotra,darshit89@hotmail.com,2023-11-11
607,Lagan Sharma,jayesh58@hotmail.com,2024-05-20
608,Adah Nair,zjani@yahoo.com,2024-11-02
609,Divyansh Singh,taran33@gmail.com,2023-03-21
610,Urvi Mehta,vardaniya21@yahoo.com,2024-12-14
611,Shray Bose,aaravsachar@hotmail.com,2023-04-19
612,Drishya Joshi,neelofar92@soman-keer.org,2023-11-10
613,Ivan Kumar,msibal@yahoo.com,2024-07-08
614,Zeeshan Iyer,purab10@hotmail.com,2024-08-14
615,Yuvraj  Verma,chadzoya@cherian-tiwari.com,2023-02-20
616,Adah Das,tejas88@gmail.com,2023-11-01
617,Jivin Rana,amiraganesan@hotmail.com,2023-09-24
618,Ritvik Singh,dharmajanbains@hotmail.com,2023-06-10
619,Jayesh Gupta,ugandhi@hotmail.com,2023-04-17
620,Hridaan Nair,vaibhavdewan@raju-rau.com,2023-04-13
621,Vardaniya Joshi,eshani00@mangat-jhaveri.com,2023-03-16
622,Kavya Choudhary,chandayasmin@hotmail.com,2024-10-24
623,Reyansh Chopra,anayvala@kibe.net,2023-10-26
624,Sara Yadav,anayavirk@sibal.com,2023-02-28
625,Shamik Patel,prishabarman@sur.com,2023-08-19
626,Mahika Patel,tsehgal@hotmail.com,2024-01-29
627,Taimur Singh,ramesharmaan@yahoo.com,2023-06-26
628,Rohan Pandey,dharmajan44@yahoo.com,2023-07-03
629,Rania Reddy,kaurfarhan@ahuja-varghese.net,2024-09-25
630,Nirvi Gupta,shaanvenkatesh@gmail.com,2025-01-27
631,Purab Malhotra,pvenkatesh@deshmukh-dalia.com,2024-06-10
632,Myra Joshi,akade@ramachandran.com,2024-10-26
633,Aarna Reddy,yuvraj-madan@gmail.com,2024-09-11
634,Biju Yadav,ychadha@hotmail.com,2023-10-29
635,Farhan Chopra,nirvaanbutala@yahoo.com,2024-03-19
636,Jayan Mehta,chiragsolanki@hotmail.com,2025-01-11
637,Rohan Nair,inaaya-atwal@choudhary-dey.org,2024-05-30
638,Misha Iyer,subramaniannirvaan@yahoo.com,2023-04-08
639,Anahita Singh,dasvanya@yahoo.com,2024-04-21
640,Rohan Reddy,riyaray@yahoo.com,2024-04-24
641,Adira Gupta,darshit95@hotmail.com,2024-06-21
642,Devansh Gupta,vardaniyadash@saha.com,2024-08-07
643,Krish Choudhary,romil14@gala.info,2024-03-26
644,Biju Das,vargheseazad@yahoo.com,2023-11-20
645,Himmat Kumar,jayaramanpiya@hotmail.com,2023-11-14
646,Mahika Singh,fdua@subramaniam.com,2023-02-23
647,Divyansh Choudhary,koshynakul@gmail.com,2023-06-06
648,Vidur Reddy,aaina93@hotmail.com,2023-02-10
649,Advika Thakur,dhaliwaldivit@yahoo.com,2023-05-27
650,Madhup Reddy,dhawanazad@seth-yohannan.com,2025-01-31
651,Ivan Mehta,rheachaudhary@hotmail.com,2023-08-06
652,Indrans Gupta,zara46@yahoo.com,2024-05-31
653,Aniruddh Patel,uborra@yahoo.com,2023-02-26
654,Kaira Rana,bshenoy@gmail.com,2024-03-09
655,Uthkarsh Yadav,emirkapoor@apte.biz,2024-03-05
656,Trisha Kumar,ehsaan32@sastry-gandhi.com,2024-03-06
657,Mahika Kumar,rsule@yahoo.com,2023-11-16
658,Miraan Thakur,chanderkanav@sarraf.com,2024-05-14
659,Purab Pandey,jiyengar@chatterjee.info,2023-07-02
660,Tiya Das,taimur74@dar-malhotra.com,2024-12-09
661,Heer Joshi,edwintarini@keer.biz,2023-09-27
662,Vanya Gupta,sanne@saxena.com,2024-02-05
663,Aniruddh Yadav,akarsh68@gmail.com,2024-03-29
664,Hunar Rana,bansalehsaan@gmail.com,2024-07-18
665,Inaaya  Das,yuvaanmahajan@sankar-thakkar.com,2023-04-19
666,Alisha Joshi,aradhyasrivastava@hotmail.com,2024-04-14
667,Kabir Joshi,chaudhariadvik@gmail.com,2023-03-04
668,Rania Nair,trivedipari@mahajan.com,2024-05-22
669,Priyansh Mehta,msubramaniam@sekhon-dube.org,2023-07-06
670,Aniruddh Joshi,dassshaan@yahoo.com,2024-11-18
671,Dharmajan Kumar,advikasavant@hotmail.com,2024-11-09
672,Vedika Mehta,darshit88@sankaran.info,2023-04-29
673,Vritika Kumar,anikabhasin@sibal.com,2023-10-30
674,Mishti Choudhary,mahika67@gmail.com,2024-06-14
675,Pranay Nair,zain14@hotmail.com,2023-05-19
676,Anvi Bose,raudivit@hotmail.com,2024-02-09
677,Kabir Kumar,ojas01@sura.org,2023-04-28
678,Adira Kumar,solankidrishya@saran.biz,2023-10-19
679,Sara Mehta,hanshhans@dixit-sant.com,2023-09-04
680,Priyansh Chopra,seher28@kala.com,2024-08-12
681,Aaina Mehta,hrishita63@hotmail.com,2023-06-23
682,Lavanya Choudhary,cchaudhry@basu.com,2023-03-16
683,Hridaan Malhotra,pvarty@yahoo.com,2024-11-27
684,Kiaan Das,sdhawan@yahoo.com,2024-01-01
685,Zoya Sharma,ngour@gmail.com,2025-01-20
686,Ishita Das,ishaan28@hotmail.com,2024-12-18
687,Zaina Patel,zoya92@rattan-brahmbhatt.com,2023-08-14
688,Elakshi Kumar,wsahni@gmail.com,2023-04-12
689,Emir Yadav,alishagara@johal-mall.com,2023-07-29
690,Dharmajan Bose,nayantara38@yahoo.com,2023-02-26
691,Zoya Patel,siya79@gmail.com,2023-08-29
692,Mishti Pandey,charvi73@gmail.com,2024-02-09
693,Urvi Chopra,vidur18@malhotra-sawhney.net,2023-11-26
694,Dharmajan Gupta,devidishani@hotmail.com,2023-12-12
695,Anya Das,aarushtak@yahoo.com,2023-11-09
696,Arnav Iyer,vdevi@dalia.com,2024-10-27
697,Neysa Verma,kundasaira@wason.org,2024-03-05
698,Zoya Choudhary,tsoni@goel.info,2024-07-07
699,Romil Verma,sumer75@ganguly-bhavsar.net,2024-11-23
700,Samarth Joshi,saira03@gmail.com,2024-03-26
701,Kartik Choudhary,chadabram@mann.net,2025-01-30
702,Kashvi Mehta,kotadhanuk@hotmail.com,2024-09-06
703,Gokul Yadav,jaggivardaniya@hotmail.com,2024-01-15
704,Kismat Sharma,gsami@yahoo.com,2024-07-04
705,Shray Malhotra,eva86@dyal.com,2023-03-29
706,Dishani Das,kuruvillaaayush@mahajan-sur.org,2024-08-24
707,Vedika Thakur,fateh94@yahoo.com,2024-07-01
708,Hridaan Rana,jandra@yahoo.com,2024-11-01
709,Ishita Das,shankarreyansh@yahoo.com,2023-08-02
710,Anay Chopra,aarush25@gmail.com,2023-08-28
711,Tejas Reddy,elanka@gmail.com,2023-05-25
712,Mamooty Bose,tarapiya@hotmail.com,2023-05-22
713,Stuvan Nair,ishaanatwal@lalla.biz,2024-11-28
714,Kartik Gupta,aaryahidani@hotmail.com,2024-11-01
715,Amira Kumar,rattadarshit@hotmail.com,2024-06-17
716,Prisha Bose,biju05@gmail.com,2023-07-14
717,Yasmin Sharma,dharmajan18@ratti.com,2023-09-11
718,Manjari Joshi,neysa02@gmail.com,2023-09-08
719,Tejas Sharma,badamirania@karnik.com,2024-06-15
720,Ehsaan Verma,tiwarineysa@yahoo.com,2024-03-29
721,Veer Singh,cbajwa@bora-maharaj.net,2024-11-17
722,Yasmin Yadav,roytrisha@kumer.com,2023-11-10
723,Manjari Mehta,vanyashah@hotmail.com,2023-12-17
724,Vedika Mehta,indranildewan@yahoo.com,2023-04-23
725,Pranay Yadav,hunar86@lad.com,2023-11-05
726,Nakul Iyer,zain12@sethi-tak.com,2023-02-06
727,Tara Joshi,tejaskalita@yahoo.com,2024-11-07
728,Vihaan Singh,oorjaroy@tiwari.com,2023-07-31
729,Jivin Thakur,tarini59@gara-kanda.com,2025-01-05
730,Zoya Malhotra,shayakbahl@sagar.com,2024-05-03
731,Rati Verma,charvi95@yahoo.com,2023-07-24
732,Sara Thakur,nghosh@handa.org,2023-04-16
733,Yasmin Joshi,gsur@warrior-thaman.com,2024-08-18
734,Alisha Pandey,esur@thaker.biz,2023-10-01
735,Vaibhav Reddy,tanyazacharia@yahoo.com,2023-02-06
736,Ritvik Gupta,shaan48@hotmail.com,2023-04-16
737,Shayak Iyer,zgokhale@hotmail.com,2024-10-01
738,Kavya Kumar,suhana45@sama.org,2024-08-31
739,Onkar Mehta,rsampath@yahoo.com,2023-12-24
740,Arnav Reddy,ranbir28@hotmail.com,2024-01-08
741,Sahil Thakur,darkiaan@khare-deo.com,2023-10-22
742,Nehmat Kumar,wbalakrishnan@hotmail.com,2023-04-23
743,Yuvraj  Chopra,chatterjeekhushi@babu.com,2023-07-12
744,Aniruddh Pandey,oorja13@bhattacharyya-ben.com,2024-06-16
745,Sara Pandey,korpalsamaira@gmail.com,2024-04-08
746,Vaibhav Nair,zkapoor@yahoo.com,2023-06-17
747,Jayesh Sharma,myra35@gmail.com,2024-11-04
748,Faiyaz Pandey,nayantara74@shukla-gera.net,2024-05-26
749,Advik Thakur,madhup25@yahoo.com,2023-10-08
750,Hiran Patel,gdyal@amble.com,2023-08-31
751,Lagan Rana,bordeuthkarsh@yahoo.com,2024-08-02
752,Aayush Thakur,divijyogi@hotmail.com,2024-04-15
753,Hansh Joshi,agola@yahoo.com,2023-06-11
754,Ela Sharma,yuvraj-67@raju.biz,2024-05-10
755,Aarush Thakur,mandalbhamini@yahoo.com,2024-10-22
756,Emir Thakur,ritvik78@barad.com,2024-12-05
757,Arhaan Verma,umang88@warrior.com,2024-11-20
758,Seher Reddy,jiya37@yahoo.com,2023-12-23
759,Shray Malhotra,swamyahana@gaba.com,2024-06-26
760,Dhanush Singh,jivindate@yahoo.com,2024-09-06
761,Jhanvi Rana,lakshit53@gmail.com,2023-12-06
762,Shayak Chopra,goyalnakul@krish-batra.com,2023-08-14
763,Hrishita Verma,aniruddh52@kumer-chand.info,2023-06-24
764,Shayak Pandey,wratti@yahoo.com,2024-01-07
765,Alia Nair,rchandran@gmail.com,2023-10-12
766,Nayantara Sharma,annebiju@gmail.com,2023-06-15
767,Kanav Yadav,svenkataraman@hotmail.com,2025-01-31
768,Sara Patel,aaryahi97@hotmail.com,2024-01-11
769,Khushi Iyer,pihu26@yahoo.com,2024-12-11
770,Kaira Choudhary,dhanushbaria@yahoo.com,2023-12-18
771,Shlok Singh,xcomar@hotmail.com,2024-11-28
772,Nirvi Joshi,kulkarninitya@sura.com,2023-07-01
773,Jayan Pandey,thari@saxena.com,2024-11-12
774,Tara Reddy,jivin68@yahoo.com,2023-06-24
775,Stuvan Pandey,koshyjayant@hotmail.com,2024-09-02
776,Mamooty Yadav,rhea38@yahoo.com,2023-08-25
777,Mannat Yadav,aaryahibhargava@hotmail.com,2024-05-29
778,Aarna Nair,mammenindrans@gmail.com,2023-10-13
779,Madhup Iyer,bobalanika@sur.com,2023-09-13
780,Rati Choudhary,swamydhanush@hotmail.com,2025-02-02
781,Aaina Gupta,xlalla@kant.com,2023-04-13
782,Alia Pandey,anahitakarnik@yahoo.com,2024-12-30
783,Yashvi Malhotra,kimayachar@gmail.com,2024-08-04
784,Shray Yadav,heercontractor@kata.com,2023-07-31
785,Nirvi Verma,krishnaaaryahi@ramakrishnan.com,2023-11-07
786,Dhruv Yadav,prisha91@kadakia-halder.com,2024-05-07
787,Anaya Singh,mmand@kapoor.com,2023-06-02
788,Veer Gupta,shanaya00@kapur.com,2023-05-18
789,Gatik Kumar,varughesedivij@hotmail.com,2024-02-14
790,Neysa Nair,zaina41@yahoo.com,2024-01-01
791,Riya Singh,hansh19@gmail.com,2023-04-29
792,Drishya Gupta,anayabassi@bhatia.info,2024-09-19
793,Yashvi Pandey,advika66@hora-dada.com,2024-09-20
794,Badal Kumar,armaancontractor@koshy.com,2024-03-21
795,Lakshit Pandey,sghose@issac.com,2025-01-03
796,Purab Patel,zzacharia@krish.com,2023-10-06
797,Ivana Pandey,vohraoorja@wali.com,2023-07-23
798,Kanav Malhotra,lwalla@bansal-kade.biz,2023-09-27
799,Romil Choudhary,csant@sachdeva.com,2024-05-07
800,Shlok Patel,qchoudhury@vasa.org,2023-12-14
801,Vihaan Joshi,gkade@bansal.com,2023-07-21
802,Hansh Bose,raualia@mane-lad.net,2024-08-24
803,Mahika Rana,kimayabanik@yahoo.com,2023-06-02
804,Anay Nair,hvyas@singhal-kashyap.com,2025-01-12
805,Madhup Rana,tarini28@singh.net,2024-11-11
806,Vivaan Das,barmandivit@hotmail.com,2024-09-15
807,Charvi Thakur,ssarna@yahoo.com,2023-09-01
808,Ishita Singh,lbassi@rege.biz,2023-02-28
809,Divyansh Choudhary,issacabram@agrawal.com,2024-11-04
810,Anika Chopra,ojas53@hotmail.com,2023-04-16
811,Lakshay Yadav,mkar@yahoo.com,2023-09-22
812,Yasmin Thakur,sumerwali@chokshi-setty.com,2023-05-31
813,Drishya Pandey,aaina97@chandran.net,2023-05-22
814,Ahana  Reddy,bsarma@sarkar.com,2023-12-17
815,Rania Nair,jayankhalsa@gmail.com,2024-11-19
816,Saanvi Rana,viswanathanlagan@gmail.com,2023-06-28
817,Shalv Chopra,sridharparinaaz@yahoo.com,2023-12-10
818,Nakul Mehta,pde@hotmail.com,2025-02-02
819,Prerak Kumar,bhavinbabu@gmail.com,2024-11-09
820,Shanaya Bose,kartik67@yahoo.com,2025-01-27
821,Nirvi Malhotra,hunarhans@hayer-bhakta.org,2024-06-28
822,Sana Iyer,myrashroff@gmail.com,2024-05-28
823,Ira Bose,anayasha@desai.org,2023-03-04
824,Siya Verma,aniruddhsagar@hotmail.com,2024-02-18
825,Veer Das,ychoudhury@ramanathan.biz,2024-10-23
826,Hrishita Pandey,raunak76@chauhan.info,2024-06-25
827,Tejas Sharma,chhabranirvi@sabharwal.com,2024-03-10
828,Advik Reddy,dhanuk95@sharaf.org,2024-05-25
829,Vanya Pandey,yakshitranganathan@gmail.com,2024-01-29
830,Rhea Choudhary,amira54@gill.net,2023-04-05
831,Amira Nair,nirvi00@gmail.com,2025-01-08
832,Divit Singh,gourvihaan@yahoo.com,2024-12-31
833,Jhanvi Sharma,aradhya07@sibal.com,2023-02-28
834,Misha Bose,rati31@mand.com,2023-09-03
835,Aarav Iyer,zarasami@sathe-soman.biz,2024-09-10
836,Ivana Chopra,djhaveri@soni-khurana.com,2024-03-19
837,Eshani Gupta,tjha@hotmail.com,2023-10-08
838,Saira Sharma,arhaan77@gmail.com,2023-12-31
839,Dhanuk Mehta,kurianrania@yahoo.com,2024-07-21
840,Aaina Iyer,anaysehgal@hotmail.com,2023-04-20
841,Vaibhav Joshi,inaaya-rajan@majumdar.com,2024-07-09
842,Manikya Joshi,yvyas@khatri-sagar.org,2024-09-27
843,Inaaya  Mehta,wraman@sule.com,2023-05-05
844,Taran Sharma,qmaster@sibal.com,2023-12-17
845,Zeeshan Iyer,ikeer@cherian-sathe.com,2024-06-05
846,Ayesha Singh,lhans@gmail.com,2024-09-02
847,Alia Mehta,amanishetty@koshy.net,2023-12-31
848,Riaan Gupta,kallajayan@yahoo.com,2024-12-23
849,Nehmat Malhotra,bhasindrishya@yahoo.com,2024-11-02
850,Prerak Singh,navyagolla@anand-khatri.com,2023-04-21
851,Yashvi Bose,jbakshi@das.org,2023-04-28
852,Vidur Malhotra,lkulkarni@dutt.biz,2023-07-18
853,Adah Reddy,biju01@sani-sidhu.com,2023-02-11
854,Advik Reddy,lalabhavin@balasubramanian-chopra.net,2024-08-08
855,Navya Singh,urvi23@gmail.com,2023-07-21
856,Umang Yadav,savantaarush@kunda-khosla.com,2024-03-12
857,Prerak Pandey,kavya96@bhardwaj-shukla.com,2023-11-08
858,Ranbir Rana,aradhyabhandari@kala.com,2024-08-10
859,Rania Iyer,azaddugar@hotmail.com,2024-07-02
860,Mohanlal Mehta,ybarman@bawa.com,2024-01-30
861,Sara Thakur,bhaktaadvika@gmail.com,2024-08-24
862,Divij Yadav,darayakshit@yahoo.com,2023-07-01
863,Zain Patel,nakul24@yahoo.com,2024-07-27
864,Pari Bose,mohanlaldixit@gmail.com,2024-10-23
865,Sumer Bose,usekhon@sarraf.info,2024-01-08
866,Badal Iyer,zainchokshi@yahoo.com,2024-05-04
867,Akarsh Mehta,nchatterjee@subramaniam.info,2023-10-04
868,Jiya Kumar,zainramanathan@deep-mandal.biz,2023-03-27
869,Anahi Gupta,jayaramanhunar@chaudhari.net,2023-08-13
870,Tejas Yadav,fjoshi@yahoo.com,2023-04-08
871,Romil Singh,qmangal@gmail.com,2023-04-24
872,Shanaya Mehta,bumbvaibhav@gmail.com,2024-06-28
873,Renee Iyer,tvenkataraman@yahoo.com,2024-05-29
874,Aarush Reddy,seherdeol@yahoo.com,2023-06-07
875,Lakshay Thakur,aaggarwal@gmail.com,2023-09-11
876,Raghav Nair,kanav66@yahoo.com,2023-02-21
877,Umang Thakur,qbarad@sachdev-vohra.biz,2023-07-29
878,Elakshi Iyer,raghav25@divan.info,2024-03-18
879,Lakshit Gupta,viswanathannirvaan@yahoo.com,2024-04-30
880,Saira Das,aradhyakarpe@thakkar.com,2023-07-15
881,Aaina Rana,jdey@gmail.com,2023-08-29
882,Dishani Joshi,shayak85@chaudhari-kanda.net,2024-12-22
883,Tiya Das,romil64@gmail.com,2025-01-11
884,Faiyaz Yadav,sdevan@hotmail.com,2024-09-30
885,Nirvi Choudhary,amani86@hotmail.com,2023-07-26
886,Adira Rana,nishithwali@gmail.com,2023-04-04
887,Shamik Kumar,satheira@yahoo.com,2024-08-28
888,Saanvi Iyer,brahmbhattmahika@shere.com,2025-02-04
889,Yakshit Yadav,tarinigill@gmail.com,2023-06-04
890,Madhup Yadav,balakrishnanaarush@gmail.com,2024-03-23
891,Lakshay Nair,bhaminibali@yahoo.com,2025-01-12
892,Saksham Bose,raukashvi@yahoo.com,2024-04-03
893,Kashvi Das,bbhasin@gmail.com,2023-12-10
894,Badal Joshi,tejasbassi@ranganathan.com,2024-01-05
895,Oorja Bose,kashviborde@yahoo.com,2024-08-12
896,Hansh Yadav,navyadara@hotmail.com,2024-12-11
897,Dhanush Patel,pranay51@hotmail.com,2023-11-07
898,Faiyaz Singh,vidurkeer@gmail.com,2023-06-05
899,Dhruv Rana,doshitrisha@yahoo.com,2023-03-29
900,Nayantara Chopra,eshani74@goel.com,2023-10-09
901,Mannat Nair,manikya61@chauhan.biz,2024-02-11
902,Fateh Bose,chawlaparinaaz@bassi.net,2023-06-13
903,Onkar Iyer,venkateshsamar@gmail.com,2023-03-28
904,Stuvan Nair,anayakaur@desai-krishnamurthy.com,2024-05-06
905,Dhruv Yadav,kadetara@yohannan-din.com,2024-12-15
906,Fateh Rana,trisha40@chhabra.org,2023-12-23
907,Shray Yadav,dhruv28@yahoo.com,2023-10-22
908,Ryan Bose,deoldhanuk@savant.net,2023-09-16
909,Dhruv Yadav,taramannat@ghosh.biz,2023-04-16
910,Vardaniya Verma,pihu59@chana.com,2025-01-14
911,Samaira Bose,mannatsubramaniam@sem.com,2024-10-14
912,Anay Choudhary,usandal@seth.com,2023-12-29
913,Umang Bose,yuvraj-98@yahoo.com,2023-10-30
914,Indranil Joshi,nishith70@gmail.com,2024-03-08
915,Anika Pandey,trishaborde@kar.biz,2023-05-09
916,Taimur Rana,paridutt@yahoo.com,2024-11-15
917,Zara Sharma,neelofarvig@gmail.com,2023-10-01
918,Dhanuk Thakur,fateh56@saxena.net,2023-08-10
919,Kavya Yadav,evabandi@hotmail.com,2023-04-15
920,Misha Das,siyajoshi@gmail.com,2024-09-13
921,Kavya Choudhary,riaanthaker@gmail.com,2023-08-12
922,Shalv Iyer,jivinrege@kapadia-sane.com,2023-10-20
923,Myra Malhotra,rdara@hotmail.com,2023-05-04
924,Seher Joshi,indrajittella@gmail.com,2023-04-18
925,Shaan Patel,zara33@kale-bassi.com,2024-05-24
926,Krish Malhotra,mahikakannan@gmail.com,2024-11-07
927,Miraya Malhotra,senfateh@kashyap-soman.com,2023-07-30
928,Neelofar Chopra,jramanathan@hotmail.com,2024-06-10
929,Jivin Bose,stuvan60@hotmail.com,2024-03-07
930,Dhanush Patel,mohanlal84@goel.com,2023-10-25
931,Taimur Patel,anvi39@iyer.com,2024-05-11
932,Anay Thakur,tiwarivaibhav@gmail.com,2024-11-22
933,Rati Mehta,jvohra@dube-magar.com,2024-12-09
934,Anvi Joshi,zmann@batra.com,2024-06-03
935,Advik Nair,zeeshansoni@tank.net,2024-01-05
936,Shaan Reddy,gandhiarmaan@yahoo.com,2023-10-11
937,Kashvi Sharma,neysa19@setty.org,2023-11-21
938,Manikya Sharma,brahmbhattritvik@ghose.com,2024-03-12
939,Taimur Choudhary,sodhidiya@gmail.com,2024-11-26
940,Vardaniya Das,vhalder@toor.info,2024-01-13
941,Uthkarsh Kumar,advik36@gmail.com,2023-04-23
942,Bhamini Malhotra,reneeupadhyay@mandal-divan.com,2023-03-14
943,Azad Patel,wmani@sem.com,2023-08-13
944,Zeeshan Chopra,tgill@randhawa-soni.com,2023-02-10
945,Darshit Bose,goswamineysa@yahoo.com,2024-12-08
946,Bhavin Pandey,ojas84@jha-bail.com,2024-10-06
947,Anahi Bose,bathrenee@mander.org,2024-07-03
948,Vanya Yadav,ayeshaghosh@hotmail.com,2023-07-24
949,Divit Malhotra,lakshaymadan@barad.com,2023-04-13
950,Hazel Joshi,yogieva@setty.com,2023-07-24
951,Lavanya Joshi,madansamar@bumb.biz,2023-04-29
952,Mahika Bose,siya95@magar.com,2023-04-17
953,Jayan Thakur,dishanisaha@yahoo.com,2023-05-21
954,Anaya Bose,sahnitiya@ray.com,2024-11-29
955,Samar Joshi,khatrigokul@yahoo.com,2024-02-28
956,Diya Iyer,ramakrishnanjiya@gmail.com,2024-12-14
957,Samarth Bose,lakshit04@yahoo.com,2024-10-27
958,Miraya Kumar,jhalakshay@yahoo.com,2023-07-25
959,Nayantara Patel,aryamanikya@dhawan-kadakia.biz,2024-08-10
960,Kaira Kumar,davejayesh@sood-khanna.info,2024-07-26
961,Heer Reddy,hanshdhawan@hotmail.com,2024-08-29
962,Shanaya Yadav,kiaan42@chatterjee.com,2024-08-05
963,Azad Malhotra,riaansawhney@khatri.org,2023-09-11
964,Yakshit Thakur,gthaman@hotmail.com,2024-09-26
965,Uthkarsh Choudhary,lakshaybumb@guha.com,2024-05-24
966,Manjari Chopra,dbera@hotmail.com,2024-11-11
967,Devansh Reddy,manikyavasa@yahoo.com,2023-03-14
968,Umang Joshi,sakshamlad@gera.org,2024-06-07
969,Kiara Reddy,qdass@gmail.com,2024-05-30
970,Vardaniya Das,dishaniwalla@yahoo.com,2023-11-21
971,Nayantara Thakur,nakul34@yahoo.com,2025-01-10
972,Madhup Gupta,desaikiaan@upadhyay-shanker.info,2024-06-23
973,Ishita Chopra,sara94@datta-gulati.info,2024-11-03
974,Anika Iyer,nakuldora@mahajan-rajan.com,2023-08-18
975,Amira Joshi,ryan40@sarraf.org,2024-08-05
976,Stuvan Yadav,indrajit07@hotmail.com,2024-08-23
977,Reyansh Pandey,tarinichadha@yahoo.com,2024-10-11
978,Sumer Pandey,vardaniyawarrior@hora-swamy.biz,2023-07-06
979,Yuvaan Malhotra,prishaanand@gmail.com,2024-09-06
980,Fateh Joshi,tripathiarmaan@gmail.com,2023-09-23
981,Misha Choudhary,anvi63@chadha.com,2023-08-09
982,Prisha Yadav,indrajitray@bala.com,2024-01-29
983,Anya Malhotra,romil23@bath.com,2024-04-22
984,Vaibhav Das,anya07@yahoo.com,2023-03-21
985,Tiya Das,hazel02@wali-hora.info,2024-11-05
986,Myra Gupta,nitya15@chander-chand.biz,2023-03-31
987,Inaaya  Pandey,hansh99@gmail.com,2024-10-05
988,Fateh Gupta,aaryahi02@gmail.com,2023-11-02
989,Shray Iyer,elakshibatta@sankaran.info,2024-07-17
990,Dharmajan Chopra,uthkarshdesai@gmail.com,2024-01-16
991,Lakshay Chopra,saksham86@hotmail.com,2024-04-10
992,Madhup Chopra,uthkarshgade@gmail.com,2024-12-25
993,Anahi Reddy,virkarmaan@agate.com,2023-09-26
994,Suhana Chopra,sarafbaiju@tank.com,2024-08-10
995,Sara Das,zainboase@atwal.net,2023-06-12
996,Ela Joshi,ranataran@gmail.com,2023-05-10
997,Anika Gupta,ranganathanmiraya@konda-kapadia.com,2023-07-01
998,Parinaaz Verma,badalzachariah@hayre.com,2024-07-09
999,Anaya Sharma,aayush77@gmail.com,2023-09-27
1000,Saanvi Mehta,odutt@bava-kapur.net,2024-04-20
